,EntityName,Type,EntityCode,WikiLink,WikiDescrip,oneSentence,trustMetric,totalDocuments
61,HP,Technology,fSlb3,https://en.wikipedia.org/wiki/HP_Inc.,"HP Inc. is an American multinational information technology company headquartered in Palo Alto, California, that develops personal computers (PCs), printers and related supplies, as well as 3D printing solutions. It was formed on November 1, 2015, renamed from the personal computer and printer divisions of the original Hewlett-Packard Company, with that company's enterprise product and business services divisions becoming Hewlett Packard Enterprise. The split was structured so that Hewlett-Packard changed its name to HP Inc. and spun off Hewlett Packard Enterprise as a new publicly traded company. HP Inc. retains Hewlett-Packard's pre-2015 stock price history and its former stock ticker symbol, HPQ, while Hewlett Packard Enterprise trades under its own symbol, HPE.","HP Inc. is an American multinational information technology company headquartered in Palo Alto, California, that develops personal computers (PCs), printers and related supplies, as well as 3D printing solutions.","21,395","1,331,857"
68,3M,Technology,PX9w,https://en.wikipedia.org/wiki/3M,"3M (originally the Minnesota Mining and Manufacturing Company) is an American multinational conglomerate operating in the fields of industry, worker safety, U.S. health care, and consumer goods. The company produces over 60,000 products under several brands, including adhesives, abrasives, laminates, passive fire protection, personal protective equipment, window films, paint protection films, dental and orthodontic products, electrical and electronic connecting and insulating materials, medical products, car-care products, electronic circuits, healthcare software and optical films. It is based in Maplewood, a suburb of Saint Paul, Minnesota.","3M (originally the Minnesota Mining and Manufacturing Company) is an American multinational conglomerate operating in the fields of industry, worker safety, U.S. health care, and consumer goods.","20,059","887,967"
70,Gillette,Consumer Goods,8n53,https://en.wikipedia.org/wiki/Gillette,"Gillette is an American brand of safety razors and other personal care products including shaving supplies, owned by the multi-national corporation Procter & Gamble (P&G). Based in Boston, Massachusetts, United States, it was owned by The Gillette Company, a supplier of products under various brands until that company merged into P&G in 2005. The Gillette Company was founded by King C. Gillette in 1901 as a safety razor manufacturer.","Gillette is an American brand of safety razors and other personal care products including shaving supplies, owned by the multi-national corporation Procter & Gamble (P&G).","19,242","2,338,608"
80,LinkedIn,Technology,lx44,https://en.wikipedia.org/wiki/LinkedIn,"LinkedIn is an American business and employment-oriented online service that operates via websites and mobile apps. Launched on May 5, 2003, the platform is primarily used for professional networking and career development, and allows job seekers to post their CVs and employers to post jobs. From 2015 most of the company's revenue came from selling access to information about its members to recruiters and sales professionals.",LinkedIn is an American business and employment-oriented online service that operates via websites and mobile apps.,"18,613","53,694,651"
37,PayPal,Finance,dWO,https://en.wikipedia.org/wiki/PayPal,"PayPal Holdings, Inc. is an American multinational financial technology company operating an online payments system in the majority of countries that support online money transfers, and serves as an electronic alternative to traditional paper methods such as checks and money orders. The company operates as a payment processor for online vendors, auction sites and many other commercial users, for which it charges a fee.","PayPal Holdings, Inc. is an American multinational financial technology company operating an online payments system in the majority of countries that support online money transfers, and serves as an electronic alternative to traditional paper methods such as checks and money orders.","18,039","116,618,230"
35,Salesforce,Technology,BB9a,https://en.wikipedia.org/wiki/Salesforce,"Salesforce, Inc. is an American cloud-based software company headquartered in San Francisco, California. It provides customer relationship management (CRM) software and applications focused on sales, customer service, marketing automation, analytics, and application development. Founded by former Oracle executive Marc Benioff, Salesforce quickly grew into one of the largest companies in the world, making its IPO in 2004.","Salesforce, Inc. is an American cloud-based software company headquartered in San Francisco, California.","17,650","8,301,293"
97,Land Rover,Automotive,0S4,https://en.wikipedia.org/wiki/Land_Rover,"Land Rover is a British brand of predominantly four-wheel drive, off-road capable vehicles, owned by multinational car manufacturer Jaguar Land Rover (JLR), since 2008 a subsidiary of India's Tata Motors. JLR currently builds Land Rovers in Brazil, China, India, Slovakia, and the United Kingdom. The Land Rover name was created in 1948 by the Rover Company for a utilitarian 4WD off-roader; yet today Land Rover vehicles comprise solely upmarket and luxury sport utility cars.","Land Rover is a British brand of predominantly four-wheel drive, off-road capable vehicles, owned by multinational car manufacturer Jaguar Land Rover (JLR), since 2008 a subsidiary of India's Tata Motors.","16,747","3,095,910"
26,American Express,Finance,kWm1,https://en.wikipedia.org/wiki/American_Express,"American Express Company (Amex) is an American multinational corporation specialized in payment card services headquartered at 200 Vesey Street in the Battery Park City neighborhood of Lower Manhattan in New York City. The company was founded in 1850 and is one of the 30 components of the Dow Jones Industrial Average. The company's logo, adopted in 1958, is a gladiator or centurion whose image appears on the company's well-known traveler's cheques, charge cards, and credit cards.",American Express Company (Amex) is an American multinational corporation specialized in payment card services headquartered at 200 Vesey Street in the Battery Park City neighborhood of Lower Manhattan in New York City.,"16,095","4,215,658"
67,Nintendo,Entertainment,Tv5,https://en.wikipedia.org/wiki/Nintendo,"Nintendo Co., Ltd. is a Japanese multinational video game company headquartered in Kyoto, Japan. It develops video games and video game consoles. Nintendo was founded in 1889 as Nintendo Karuta by craftsman Fusajiro Yamauchi and originally produced handmade hanafuda playing cards.","Nintendo Co., Ltd. is a Japanese multinational video game company headquartered in Kyoto, Japan.","15,922","224,362,617"
17,IBM,Technology,HAqJ2,https://en.wikipedia.org/wiki/IBM,"The International Business Machines Corporation (IBM) is an American multinational technology corporation headquartered in Armonk, New York, with operations in over 171 countries. The company began in 1911, founded in Endicott, New York, by trust businessman Charles Ranlett Flint, as the Computing-Tabulating-Recording Company (CTR) and was renamed ""International Business Machines"" in 1924. IBM is incorporated in New York.","The International Business Machines Corporation (IBM) is an American multinational technology corporation headquartered in Armonk, New York, with operations in over 171 countries.","15,652","6,829,467"
20,Adobe,Technology,xv,https://en.wikipedia.org/wiki/Adobe_Inc.,"Adobe Inc., originally called Adobe Systems Incorporated, is an American multinational computer software company incorporated in Delaware and headquartered in San Jose, California. It has historically specialized in software for the creation and publication of a wide range of content, including graphics, photography, illustration, animation, multimedia/video, motion pictures, and print.","Adobe Inc., originally called Adobe Systems Incorporated, is an American multinational computer software company incorporated in Delaware and headquartered in San Jose, California.","15,514","7,913,638"
49,Ford,Automotive,wbH32,https://en.wikipedia.org/wiki/Ford_Motor_Company,"Ford Motor Company (commonly known as Ford) is an American multinational automobile manufacturer headquartered in Dearborn, Michigan, United States. It was founded by Henry Ford and incorporated on June 16, 1903. The company sells automobiles and commercial vehicles under the Ford brand, and luxury cars under its Lincoln luxury brand. Ford also owns Brazilian SUV manufacturer Troller, an 8% stake in Aston Martin of the United Kingdom and a 32% stake in China's Jiangling Motors. It also has joint ventures in China (Changan Ford), Taiwan (Ford Lio Ho), Thailand (AutoAlliance Thailand), Turkey (Ford Otosan), and Russia (Ford Sollers). The company is listed on the New York Stock Exchange and is controlled by the Ford family; they have minority ownership but the majority of the voting power.","Ford Motor Company (commonly known as Ford) is an American multinational automobile manufacturer headquartered in Dearborn, Michigan, United States.","14,996","2,820,932"
84,Jack Daniel's,Food + Beverage,5VB1,https://en.wikipedia.org/wiki/Jack_Daniel%27s,"Jack Daniel's is a brand of Tennessee whiskey. It is produced in Lynchburg, Tennessee, by the Jack Daniel Distillery, which has been owned by the Brown‚ÄìForman Corporation since 1956. Packaged in square bottles, Jack Daniel's ""Black Label"" Tennessee whiskey sold 12.5 million nine-liter cases in the fiscal year ending on April 30, 2017.",Jack Daniel's is a brand of Tennessee whiskey.,"14,423","1,546,843"
81,DHL,Shipping,MNz1,https://en.wikipedia.org/wiki/DHL,"DHL is an American founded, German logistics company providing courier, package delivery and express mail service, which is a division of the German logistics firm Deutsche Post. The company group delivers over 1.8 billion parcels per year. DHL Express is market leader for parcel services in Europe and Germany's main Courier and Parcel Service.","DHL is an American founded, German logistics company providing courier, package delivery and express mail service, which is a division of the German logistics firm Deutsche Post.","14,204","3,322,588"
7,Mercedes-Benz,Automotive,0oTf1,https://en.wikipedia.org/wiki/Mercedes-Benz,"Mercedes-Benz, commonly referred to as Mercedes and sometimes as Benz, is a German luxury and commercial vehicle automotive brand established in 1926. Mercedes-Benz AG (a Mercedes-Benz Group subsidiary established in 2019) is headquartered in Stuttgart, Germany. Mercedes-Benz AG produces consumer luxury vehicles and commercial vehicles badged as Mercedes-Benz.","Mercedes-Benz, commonly referred to as Mercedes and sometimes as Benz, is a German luxury and commercial vehicle automotive brand established in 1926.","13,841","14,974,657"
36,Visa,Technology,Ae21,https://en.wikipedia.org/wiki/Visa_Inc.,"Visa Inc. is an American multinational financial services corporation headquartered in San Francisco, California. It facilitates electronic funds transfers throughout the world, most commonly through Visa-branded credit cards, debit cards and prepaid cards. Visa is one of the world's most valuable companies. Visa does not issue cards, extend credit or set rates and fees for consumers; rather, Visa provides financial institutions with Visa-branded payment products that they then use to offer credit, debit, prepaid and cash access programs to their customers. In 2015, the Nilson Report, a publication that tracks the credit card industry, found that Visa's global network (known as VisaNet) processed 100 billion transactions during 2014 with a total volume of US$6.8 trillion.","Visa Inc. is an American multinational financial services corporation headquartered in San Francisco, California.","13,721","2,448,978"
57,L'Oréal,Consumer Goods,hx33,https://en.wikipedia.org/wiki/L%27Or%C3%A9al,"L'Oréal S.A. is a French personal care company headquartered in Clichy, Hauts-de-Seine with a registered office in Paris. It is the world's largest cosmetics company and has developed activities in the field concentrating on hair color, skin care, sun protection, make-up, perfume, and hair care.","L'Oréal S.A. is a French personal care company headquartered in Clichy, Hauts-de-Seine with a registered office in Paris.","13,515","10,151,412"
2,Amazon,Technology,Twn,https://en.wikipedia.org/wiki/Amazon_(company),"Amazon.com, Inc. is an American multinational technology company focusing on e-commerce, cloud computing, online advertising, digital streaming, and artificial intelligence. It has been referred to as ""one of the most influential economic and cultural forces in the world"", and is one of the world's most valuable brands. It is one of the Big Five American information technology companies, alongside Alphabet, Apple, Meta, and Microsoft.","Amazon.com, Inc. is an American multinational technology company focusing on e-commerce, cloud computing, online advertising, digital streaming, and artificial intelligence.","13,434","328,425,189"
90,Panasonic,Technology,1Lo,https://en.wikipedia.org/wiki/Panasonic,"Panasonic Holdings Corporation, formerly Matsushita Electric Industrial Co., Ltd. between 1935 and 2008 and the first incarnation of Panasonic Corporation between 2008 and 2022, is a major Japanese multinational conglomerate corporation, headquartered in Kadoma, Osaka. It was founded by K≈çnosuke Matsushita in 1918 as a lightbulb socket manufacturer. In addition to consumer electronics, of which it was the world's largest maker in the late 20th century, Panasonic offers a wide range of products and services, including rechargeable batteries, automotive and avionic systems, industrial systems, as well as home renovation and construction.","Panasonic Holdings Corporation, formerly Matsushita Electric Industrial Co., Ltd. between 1935 and 2008 and the first incarnation of Panasonic Corporation between 2008 and 2022, is a major Japanese multinational conglomerate corporation, headquartered in Kadoma, Osaka.","13,372","14,118,983"
43,Budweiser,Food + Beverage,fg1,https://en.wikipedia.org/wiki/Budweiser,"Budweiser is an American-style pale lager, part of AB InBev. Introduced in 1876 by Carl Conrad & Co. of St. Louis, Missouri, Budweiser has become a large selling beer company in the United States. Budweiser may also refer to an unrelated pale lager beer, originating in ƒåesk√© Budƒõjovice, Czech Republic (in German, Budweis) produced by the Budƒõjovick√Ω Budvar brewery.","Budweiser is an American-style pale lager, part of AB InBev.","13,097","4,493,265"
89,Hewlett Packard Enterprise,Technology,qhw23,https://en.wikipedia.org/wiki/Hewlett_Packard_Enterprise,"The Hewlett Packard Enterprise Company (HPE) is an American multinational information technology company based in Spring, Texas, United States. HPE was founded on November 1, 2015, in Palo Alto, California, as part of the splitting of the Hewlett-Packard company. It is a business-focused organization which works in servers, storage, networking, containerization software and consulting and support.","The Hewlett Packard Enterprise Company (HPE) is an American multinational information technology company based in Spring, Texas, United States.","12,847","540,139"
93,KFC,Food + Beverage,iJ9,https://en.wikipedia.org/wiki/KFC,"KFC (Kentucky Fried Chicken) is an American fast food restaurant chain headquartered in Louisville, Kentucky, that specializes in fried chicken. It is the world's second-largest restaurant chain (as measured by sales) after McDonald's, with 22,621 locations globally in 150 countries as of December 2019. The chain is a subsidiary of Yum! Brands, a restaurant company that also owns the Pizza Hut and Taco Bell chains.","KFC (Kentucky Fried Chicken) is an American fast food restaurant chain headquartered in Louisville, Kentucky, that specializes in fried chicken.","12,609","22,595,514"
96,Canon,Technology,QZO,https://en.wikipedia.org/wiki/Canon_Inc.,"Canon Inc. is a Japanese multinational corporation headquartered in _ta, Tokyo, Japan, specializing in optical, imaging, and industrial products, such as lenses, cameras, medical equipment, scanners, printers, and semiconductor manufacturing equipment. Canon has a primary listing on the Tokyo Stock Exchange and is a constituent of the TOPIX Core30 and Nikkei 225 index. It has a secondary listing on the New York Stock Exchange.","Canon Inc. is a Japanese multinational corporation headquartered in _ta, Tokyo, Japan, specializing in optical, imaging, and industrial products, such as lenses, cameras, medical equipment, scanners, printers, and semiconductor manufacturing equipment.","12,534","26,044,026"
6,Coca-Cola,Food + Beverage,UJ1,https://en.wikipedia.org/wiki/Coca-Cola,"The Coca-Cola Company is an American multinational beverage corporation founded in 1892, best known as the producer of Coca-Cola. The Coca-Cola Company also manufactures, sells, and markets other non-alcoholic beverage concentrates and syrups, and alcoholic beverages. The company's stock is listed on the NYSE and is part of the DJIA and the S&P 500 and S&P 100 indexes.","The Coca-Cola Company is an American multinational beverage corporation founded in 1892, best known as the producer of Coca-Cola.","12,170","1,442,480"
12,BMW,Automotive,QY,https://en.wikipedia.org/wiki/BMW,"Bayerische Motoren Werke AG, abbreviated as BMW, is a German multinational manufacturer of performance luxury vehicles and motorcycles headquartered in Munich, Bavaria, Germany. The corporation was founded in 1916 as a manufacturer of aircraft engines, which it produced from 1917 until 1918 and again from 1933 to 1945. Automobiles are marketed under the brands BMW, Mini and Rolls-Royce, and motorcycles are marketed under the brand BMW Motorrad. In 2017, BMW was the world's fourteenth-largest producer of motor vehicles, with 2,279,503 vehicles produced. The company has significant motor-sport history, especially in touring cars, sports cars, and the Isle of Man TT.","Bayerische Motoren Werke AG, abbreviated as BMW, is a German multinational manufacturer of performance luxury vehicles and motorcycles headquartered in Munich, Bavaria, Germany.","12,140","28,306,612"
18,Intel,Technology,LN3,https://en.wikipedia.org/wiki/Intel,"Intel Corporation is an American multinational corporation and technology company headquartered in Santa Clara, California. It is the world's largest semiconductor chip manufacturer by revenue, and is one of the developers of the x86 series of instruction sets, the instruction sets found in most personal computers (PCs). Incorporated in Delaware, Intel ranked No. 45 in the 2020 Fortune 500 list of the largest United States corporations by total revenue for nearly a decade, from 2007 to 2016 fiscal years.","Intel Corporation is an American multinational corporation and technology company headquartered in Santa Clara, California.","11,720","40,070,404"
40,Mastercard,Finance,xxA1,https://en.wikipedia.org/wiki/Mastercard,"Mastercard Inc. is the second-largest payment-processing corporation worldwide. It offers a range of financial services. Its headquarters are in Purchase, New York. Throughout the world, its principal business is to process payments between the banks of merchants and the card-issuing banks or credit unions of the purchasers who use the Mastercard-brand debit, credit and prepaid cards to make purchases. Mastercard has been publicly traded since 2006.",Mastercard Inc. is the second-largest payment-processing corporation worldwide.,"11,489","6,502,349"
98,Mini,Automotive,q5h,https://en.wikipedia.org/wiki/Mini_(marque),"Mini is a British automotive marque founded in 1969, owned by German automotive company BMW since 2000, and used by them for a range of small cars assembled in the United Kingdom, Austria and the Netherlands. The word Mini has been used in car model names since 1959, and in 1969 it became a marque in its own right when the name ""Mini"" replaced the separate ""Austin Mini"" and ""Morris Mini"" car model names. BMW acquired the marque in 1994 when it bought Rover Group (formerly British Leyland), which owned Mini, among other brands.","Mini is a British automotive marque founded in 1969, owned by German automotive company BMW since 2000, and used by them for a range of small cars assembled in the United Kingdom, Austria and the Netherlands.","11,166","28,204,337"
30,Accenture,Consulting,KOf1,https://en.wikipedia.org/wiki/Accenture,"Accenture plc is an Irish-American professional services company based in Dublin, specializing in information technology (IT) services and consulting. A Fortune Global 500 company, it reported revenues of $61.6 billion in 2022. Accenture's current clients include 91 of the Fortune Global 100 and more than three-quarters of the Fortune Global 500. As of 2022, Accenture is considered the largest consulting firm in the world by number of employees.","Accenture plc is an Irish-American professional services company based in Dublin, specializing in information technology (IT) services and consulting.","10,645","1,438,707"
47,Volkswagen,Automotive,Nq8,https://en.wikipedia.org/wiki/Volkswagen,"Volkswagen, is a German motor vehicle manufacturer headquartered in Wolfsburg, Lower Saxony, Germany. Founded in 1937 by the German Labour Front under the Nazi Party and revived into a global brand post-World War II by the British Army Officer Ivan Hirst, it is known for the iconic Beetle and serves as the flagship brand of the Volkswagen Group, the largest automotive manufacturer by worldwide sales in 2016 and 2017. The group's biggest market is in China, which delivers 40 percent of its sales and profits.","Volkswagen, is a German motor vehicle manufacturer headquartered in Wolfsburg, Lower Saxony, Germany.","10,591","13,063,045"
14,Cisco,Technology,Csd,https://en.wikipedia.org/wiki/Cisco,"Cisco Systems, Inc., commonly known as Cisco, is an American-based multinational digital communications technology conglomerate corporation headquartered in San Jose, California. Cisco develops, manufactures, and sells networking hardware, software, telecommunications equipment and other high-technology services and products. Cisco specializes in specific tech markets, such as the Internet of Things (IoT), domain security, videoconferencing, and energy management with leading products including Webex, OpenDNS, Jabber, Duo Security, and Jasper. Cisco is one of the largest technology companies in the world ranking 74 on the Fortune 100 with over $51 billion in revenue and nearly 80,000 employees.","Cisco Systems, Inc., commonly known as Cisco, is an American-based multinational digital communications technology conglomerate corporation headquartered in San Jose, California.","10,511","7,068,217"
9,Nike,Fashion,XrIh1,"https://en.wikipedia.org/wiki/Nike,_Inc.","Nike, Inc. is an American multinational corporation that is engaged in the design, development, manufacturing, and worldwide marketing and sales of footwear, apparel, equipment, accessories, and services. The company is headquartered near Beaverton, Oregon, in the Portland metropolitan area. It is the world's largest supplier of athletic shoes and apparel and a major manufacturer of sports equipment, with revenue in excess of US$37.4 billion in its fiscal year 2020 (ending May 31, 2020). As of 2020, it employed 76,700 people worldwide. In 2020, the brand alone was valued in excess of $32 billion, making it the most valuable brand among sports businesses. Previously, in 2017, the Nike brand was valued at $29.6 billion. Nike ranked 89th in the 2018 Fortune 500 list of the largest United States corporations by total revenue.","Nike, Inc. is an American multinational corporation that is engaged in the design, development, manufacturing, and worldwide marketing and sales of footwear, apparel, equipment, accessories, and services.","10,507","60,483,114"
5,Toyota,Automotive,K38,https://en.wikipedia.org/wiki/Toyota,"Toyota Motor Corporation is a Japanese multinational automotive manufacturer headquartered in Toyota City, Aichi, Japan. It was founded by Kiichiro Toyoda and incorporated on August 28, 1937 (1937-08-28). Toyota is one of the largest automobile manufacturers in the world, producing about 10 million vehicles per year.","Toyota Motor Corporation is a Japanese multinational automotive manufacturer headquartered in Toyota City, Aichi, Japan.","10,362","57,526,153"
0,Apple,Technology,Od,https://en.wikipedia.org/wiki/Apple_Inc.,"Apple Inc. is an American multinational technology company headquartered in Cupertino, California, United States. Apple is the largest technology company by revenue (totaling US$365.8 billion in 2021) and, as of June 2022, is the world's biggest company by market capitalization, the fourth-largest personal computer vendor by unit sales and second-largest mobile phone manufacturer. It is one of the Big Five American information technology companies, alongside Alphabet, Amazon, Meta, and Microsoft.","Apple Inc. is an American multinational technology company headquartered in Cupertino, California, United States.","10,343","99,296,174"
82,Caterpillar,Automotive,dON2,https://en.wikipedia.org/wiki/Caterpillar_Inc.,"Caterpillar Inc. (stock symbol CAT) is an American Fortune 500 corporation and the world's largest construction-equipment manufacturer. In 2018, Caterpillar was ranked number 65 on the Fortune 500 list and number 238 on the Global Fortune 500 list. Caterpillar stock is a component of the Dow Jones Industrial Average.",Caterpillar Inc. (stock symbol CAT) is an American Fortune 500 corporation and the world's largest construction-equipment manufacturer.,"10,325","1,363,749"
45,Audi,Automotive,Gd,https://en.wikipedia.org/wiki/Audi,"Audi AG is a German automotive manufacturer of luxury vehicles headquartered in Ingolstadt, Bavaria, Germany. As a subsidiary of its parent company, the Volkswagen Group, Audi produces vehicles in nine production facilities worldwide. The origins of the company are complex, going back to the early 20th century and the initial enterprises (Horch and the Audiwerke) founded by engineer August Horch (1868–1951); and two other manufacturers (DKW and Wanderer), leading to the foundation of Auto Union in 1932. The modern Audi era began in the 1960s, when Auto Union was acquired by Volkswagen from Daimler-Benz. After relaunching the Audi brand with the 1965 introduction of the Audi F103 series, Volkswagen merged Auto Union with NSU Motorenwerke in 1969, thus creating the present-day form of the company.","Audi AG is a German automotive manufacturer of luxury vehicles headquartered in Ingolstadt, Bavaria, Germany.","10,314","22,180,095"
25,Honda,Automotive,rz3,https://en.wikipedia.org/wiki/Honda,"Honda Motor Co., Ltd. is a Japanese public multinational conglomerate manufacturer of automobiles, motorcycles, and power equipment, headquartered in Minato, Tokyo, Japan. Honda has been the world's largest motorcycle manufacturer since 1959, reaching a production of 400 million by the end of 2019, as well as the world's largest manufacturer of internal combustion engines measured by volume, producing more than 14 million internal combustion engines each year. Honda became the second-largest Japanese automobile manufacturer in 2001. In 2015, Honda was the eighth largest automobile manufacturer in the world.","Honda Motor Co., Ltd. is a Japanese public multinational conglomerate manufacturer of automobiles, motorcycles, and power equipment, headquartered in Minato, Tokyo, Japan.","10,289","71,659,220"
41,Adidas,Fashion,qr01,https://en.wikipedia.org/wiki/Adidas,"Adidas AG is a German multinational corporation, founded and headquartered in Herzogenaurach, Bavaria, that designs and manufactures shoes, clothing and accessories. It is the largest sportswear manufacturer in Europe, and the second largest in the world, after Nike. It is the holding company for the Adidas Group, which consists 8.33% stake of the football club Bayern München, and Runtastic, an Austrian fitness technology company. Adidas's revenue for 2018 was listed at €21.915 billion.","Adidas AG is a German multinational corporation, founded and headquartered in Herzogenaurach, Bavaria, that designs and manufactures shoes, clothing and accessories.","10,223","28,114,374"
99,Sephora,Fashion,tG57,https://en.wikipedia.org/wiki/Sephora,"Sephora is a French multinational retailer of personal care and beauty products. Featuring nearly 340 brands, along with its own private label, Sephora Collection, Sephora offers beauty products including cosmetics, skincare, body, fragrance, nail color, beauty tools, body lotions and haircare. The company was founded in Limoges in 1969 and is currently based in Neuilly-sur-Seine, France.",Sephora is a French multinational retailer of personal care and beauty products.,"9,776","6,885,639"
77,Kellogg's,Food + Beverage,Uxh2,https://en.wikipedia.org/wiki/Kellogg%27s,"The Kellogg Company, doing business as Kellogg's, is an American multinational food manufacturing company headquartered in Battle Creek, Michigan, United States. Kellogg's produces cereal and convenience foods, including crackers and toaster pastries, and markets their products by several well known brands including Corn Flakes, Rice Krispies, Frosted Flakes, Pringles, Eggo, and Cheez-It. Kellogg's mission statement is ""Nourishing families so they can flourish and thrive"".","The Kellogg Company, doing business as Kellogg's, is an American multinational food manufacturing company headquartered in Battle Creek, Michigan, United States.","9,639","2,548,737"
15,Instagram,Technology,5py82,https://en.wikipedia.org/wiki/Instagram,Instagram is a photo and video sharing social networking service owned by American company Meta Platforms. The app allows users to upload media that can be edited with filters and organized by hashtags and geographical tagging. Posts can be shared publicly or with preapproved followers.,Instagram is a photo and video sharing social networking service owned by American company Meta Platforms.,"9,061","1,534,604,080"
63,Red Bull,Food + Beverage,RTf,https://en.wikipedia.org/wiki/Red_Bull,"Red Bull is a brand of energy drinks of Austrian company Red Bull GmbH. With 38% market share, it is the most popular energy drink brand as of 2019. Since its launch in 1987, more than 100 billion cans of Red Bull have been sold worldwide, including 9.8 billion in 2021.",Red Bull is a brand of energy drinks of Austrian company Red Bull GmbH.,"8,652","27,968,096"
60,Nissan,Automotive,Aw5,https://en.wikipedia.org/wiki/Nissan,"Nissan Motor Co., Ltd., trading as Nissan Motor Corporation and often shortened to Nissan, is a Japanese multinational automobile manufacturer headquartered in Nishi-ku, Yokohama, Japan. The company sells its vehicles under the Nissan, Infiniti, and Datsun brands, with in-house performance tuning products (including cars) labelled Nismo. The company traces back to the beginnings of the 20th century, with the Nissan zaibatsu, now called Nissan Group.","Nissan Motor Co., Ltd., trading as Nissan Motor Corporation and often shortened to Nissan, is a Japanese multinational automobile manufacturer headquartered in Nishi-ku, Yokohama, Japan.","8,616","32,933,809"
58,Philips,Technology,Q76,https://en.wikipedia.org/wiki/Philips,"Koninklijke Philips N.V., commonly shortened to Philips, is a Dutch multinational conglomerate corporation that was founded in Eindhoven in 1891. Since 1997, it has been mostly headquartered in Amsterdam, though the Benelux headquarters is still in Eindhoven. Philips was formerly one of the largest electronics companies in the world, but is currently focused on the area of health technology, having divested its other divisions.","Koninklijke Philips N.V., commonly shortened to Philips, is a Dutch multinational conglomerate corporation that was founded in Eindhoven in 1891.","8,507","139,624"
91,Johnson & Johnson,Consumer Goods,KoH,https://en.wikipedia.org/wiki/Johnson_%26_Johnson,"Johnson & Johnson (J&J) is an American multinational corporation founded in 1886 that develops medical devices, pharmaceuticals, and consumer packaged goods. Its common stock is a component of the Dow Jones Industrial Average and the company is ranked No. 36 on the 2021 Fortune 500 list of the largest United States corporations by total revenue.","Johnson & Johnson (J&J) is an American multinational corporation founded in 1886 that develops medical devices, pharmaceuticals, and consumer packaged goods.","8,470","3,674,459"
83,Xiaomi,Technology,uZmg2,https://en.wikipedia.org/wiki/Xiaomi,"Xiaomi Corporation, commonly known as Xiaomi and registered as Xiaomi Inc., is a Chinese designer and manufacturer of consumer electronics and related software, home appliances, and household items. Behind Samsung, it is the second largest manufacturer of smartphones in the world, most of which run the MIUI operating system. The company is ranked 338th and is the youngest company on the Fortune Global 500.","Xiaomi Corporation, commonly known as Xiaomi and registered as Xiaomi Inc., is a Chinese designer and manufacturer of consumer electronics and related software, home appliances, and household items.","8,404","26,485,640"
62,Lego,Consumer Goods,aM4,https://en.wikipedia.org/wiki/Lego,"Lego is a line of plastic construction toys that are manufactured by The Lego Group, a privately held company based in Billund, Denmark. The company's flagship product, Lego, consists of variously colored interlocking plastic bricks accompanying an array of gears, figurines called minifigures, and various other parts. Lego pieces can be assembled and connected in many ways to construct objects, including vehicles, buildings, and working robots. Anything constructed can be taken apart again, and the pieces reused to make new things.","Lego is a line of plastic construction toys that are manufactured by The Lego Group, a privately held company based in Billund, Denmark.","8,386","27,485,967"
38,Sony,Entertainment,j17,https://en.wikipedia.org/wiki/Sony,"Sony Group Corporation, commonly stylized as SONY, is a Japanese multinational conglomerate corporation headquartered in Minato, Tokyo, Japan. As a major technology company, it operates as one of the world's largest manufacturers of consumer and professional electronic products, the largest video game console company and the largest video game publisher. Through Sony Entertainment Inc, it is one of the largest music companies (largest music publisher and second largest record label) and the third largest film studio, making it one of the most comprehensive media companies. It is the largest technology and media conglomerate in Japan. It is also recognized as the most cash-rich Japanese company, with net cash reserves of ¥2 trillion.","Sony Group Corporation, commonly stylized as SONY, is a Japanese multinational conglomerate corporation headquartered in Minato, Tokyo, Japan.","8,246","73,793,524"
16,Facebook,Technology,AJAv,https://en.wikipedia.org/wiki/Facebook,"Facebook is an online social media and social networking service owned by American company Meta Platforms. Founded in 2004 by Mark Zuckerberg with fellow Harvard College students and roommates Eduardo Saverin, Andrew McCollum, Dustin Moskovitz, and Chris Hughes, its name comes from the face book directories often given to American university students. Membership was initially limited to Harvard students, gradually expanding to other North American universities and, since 2006, anyone over 13 years old. As of July 2022, Facebook claimed 2.93 billion monthly active users, and ranked third worldwide among the most visited websites as of July 2022. It was the most downloaded mobile app of the 2010s.",Facebook is an online social media and social networking service owned by American company Meta Platforms.,"8,233","7,747,490"
53,Airbnb,Technology,cPva2,https://en.wikipedia.org/wiki/Airbnb,"Airbnb, Inc., based in San Francisco, California, operates an online marketplace focused on short-term homestays and experiences. The company acts as a broker and charges a commission from each booking. The company was founded in 2008 by Brian Chesky, Nathan Blecharczyk, and Joe Gebbia. Airbnb is a shortened version of its original name, AirBedandBreakfast.com. The company has been the subject of criticism for lack of regulations and enabling increases in home rents.","Airbnb, Inc., based in San Francisco, California, operates an online marketplace focused on short-term homestays and experiences.","8,206","24,594,783"
4,Samsung,Technology,RuS83,https://en.wikipedia.org/wiki/Samsung,"The Samsung Group (or simply Samsung) is a South Korean multinational manufacturing conglomerate headquartered in Samsung Town, Seoul, South Korea. It comprises numerous affiliated businesses, most of them united under the Samsung brand, and is the largest South Korean chaebol (business conglomerate). As of 2020, Samsung has the eighth highest global brand value.","The Samsung Group (or simply Samsung) is a South Korean multinational manufacturing conglomerate headquartered in Samsung Town, Seoul, South Korea.","8,131","72,215,204"
56,Citi,Finance,e6Y,https://en.wikipedia.org/wiki/Citigroup,"Citigroup Inc. or Citi (stylized as citi) is an American multinational investment bank and financial services corporation headquartered in New York City. The company was formed by the merger of banking giant Citicorp and financial conglomerate Travelers Group in 1998; Travelers was subsequently spun off from the company in 2002. Citigroup owns Citicorp, the holding company for Citibank, as well as several international subsidiaries. Citigroup is incorporated in Delaware.",Citigroup Inc. or Citi (stylized as citi) is an American multinational investment bank and financial services corporation headquartered in New York City.,"8,046","1,848,965"
78,Fedex,Shipping,Hak,https://en.wikipedia.org/wiki/FedEx,"FedEx Corporation, formerly Federal Express Corporation and later FDX Corporation, is an American multinational conglomerate holding company focused on transportation, e-commerce and business services based in Memphis, Tennessee. The name ""FedEx"" is a syllabic abbreviation of the name of the company's original air division, Federal Express, which was used from 1973 until 2000. FedEx today is best known for its air delivery service, FedEx Express, which was one of the first major shipping companies to offer overnight delivery as a flagship service. Since then, FedEx also started FedEx Ground, FedEx Office (originally known as Kinko's), FedEx Supply Chain, FedEx Freight, and various other services across multiple subsidiaries, often meant to respond to its main competitor, UPS.","FedEx Corporation, formerly Federal Express Corporation and later FDX Corporation, is an American multinational conglomerate holding company focused on transportation, e-commerce and business services based in Memphis, Tennessee.","7,769","4,979,902"
54,Siemens,Technology,SRH,https://en.wikipedia.org/wiki/Siemens,"Siemens AG is a German multinational conglomerate corporation and the largest industrial manufacturing company in Europe headquartered in Munich with branch offices abroad. The principal divisions of the corporation are Industry, Energy, Healthcare (Siemens Healthineers), and Infrastructure & Cities, which represent the main activities of the corporation. The corporation is a prominent maker of medical diagnostics equipment and its medical health-care division, which generates about 12 percent of the corporation's total sales, is its second-most profitable unit, after the industrial automation division.",Siemens AG is a German multinational conglomerate corporation and the largest industrial manufacturing company in Europe headquartered in Munich with branch offices abroad.,"7,345","4,101,507"
85,Huawei,Technology,5Gd1,https://en.wikipedia.org/wiki/Huawei,"Huawei Technologies Co., Ltd. is a Chinese multinational technology corporation headquartered in Shenzhen, Guangdong, China. It designs, develops, produces and sells telecommunications equipment, consumer electronics and various smart devices. The corporation was founded in 1987 by Ren Zhengfei, a former officer in the People's Liberation Army (PLA). Initially focused on manufacturing phone switches, Huawei has expanded its business to include building telecommunications networks, providing operational and consulting services and equipment to enterprises inside and outside of China, and manufacturing communications devices for the consumer market.","Huawei Technologies Co., Ltd. is a Chinese multinational technology corporation headquartered in Shenzhen, Guangdong, China.","7,314","17,394,146"
74,Ferrari,Automotive,3V2,https://en.wikipedia.org/wiki/Ferrari,"Ferrari S.p.A. is an Italian luxury sports car manufacturer based in Maranello, Italy. Founded by Enzo Ferrari (1898‚Äì1988) in 1939 from the Alfa Romeo racing division as Auto Avio Costruzioni, the company built its first car in 1940, and produced its first Ferrari-badged car in 1947. Fiat S.p.A. acquired 50% of Ferrari in 1969 and expanded its stake to 90% in 1988.","Ferrari S.p.A. is an Italian luxury sports car manufacturer based in Maranello, Italy.","7,131","60,001,857"
69,Spotify,Technology,hvxm1,https://en.wikipedia.org/wiki/Spotify,"Spotify is a proprietary Swedish audio streaming and media services provider founded on 23 April 2006 by Daniel Ek and Martin Lorentzon. It is one of the largest music streaming service providers, with over 456 million monthly active users, including 195 million paying subscribers, as of September 2022. Spotify is listed (through a Luxembourg City-domiciled holding company, Spotify Technology S.A.) on the New York Stock Exchange in the form of American depositary receipts.",Spotify is a proprietary Swedish audio streaming and media services provider founded on 23 April 2006 by Daniel Ek and Martin Lorentzon.,"6,980","902,370,943"
3,Google,Technology,NjA4,https://en.wikipedia.org/wiki/Google,"Google LLC is an American multinational technology company focusing on search engine technology, online advertising, cloud computing, computer software, quantum computing, e-commerce, artificial intelligence, and consumer electronics. It has been referred to as ""the most powerful company in the world"" and one of the world's most valuable brands due to its market dominance, data collection, and technological advantages in the area of artificial intelligence. Its parent company Alphabet is considered one of the Big Five American information technology companies, alongside Amazon, Apple, Meta, and Microsoft.","Google LLC is an American multinational technology company focusing on search engine technology, online advertising, cloud computing, computer software, quantum computing, e-commerce, artificial intelligence, and consumer electronics.","6,907","16,726,594"
1,Microsoft,Technology,tW4,https://en.wikipedia.org/wiki/Microsoft,"Microsoft Corporation is an American multinational technology corporation producing computer software, consumer electronics, personal computers, and related services headquartered at the Microsoft Redmond campus located in Redmond, Washington, United States. Its best-known software products are the Windows line of operating systems, the Microsoft Office suite, and the Internet Explorer and Edge web browsers. Its flagship hardware products are the Xbox video game consoles and the Microsoft Surface lineup of touchscreen personal computers.","Microsoft Corporation is an American multinational technology corporation producing computer software, consumer electronics, personal computers, and related services headquartered at the Microsoft Redmond campus located in Redmond, Washington, United States.","6,779","70,352,357"
94,Heineken,Food + Beverage,aX6k,https://en.wikipedia.org/wiki/Heineken,"Heineken Lager Beer, or simply Heineken is a pale lager beer with 5% alcohol by volume produced by the Dutch brewing company Heineken N.V. Heineken beer is sold in a green bottle with a red star.","Heineken Lager Beer, or simply Heineken is a pale lager beer with 5% alcohol by volume produced by the Dutch brewing company Heineken N.V. Heineken beer is sold in a green bottle with a red star.","6,756","6,996,773"
28,UPS,Shipping,bCR,https://en.wikipedia.org/wiki/United_Parcel_Service,"United Parcel Service (UPS, stylized as ups) is an American multinational shipping & receiving and supply chain management company founded in 1907. Originally known as the American Messenger Company specializing in telegraphs, UPS has grown to become a Fortune 500 company and one of the world's largest shipping couriers. UPS today is primarily known for its ground shipping services as well as the UPS Store, a retail chain which assists UPS shipments and provides tools for small businesses. In addition, UPS offers air shipping on an overnight or two-day basis and delivers to post office boxes through UPS SurePost, a subsidiary that passes on packages to the United States Postal Service for last-mile delivery.","United Parcel Service (UPS, stylized as ups) is an American multinational shipping & receiving and supply chain management company founded in 1907.","6,669","1,562,290"
95,Burberry,Fashion,Nvv4,https://en.wikipedia.org/wiki/Burberry,"Burberry is a British luxury fashion house established in 1856 by Thomas Burberry headquartered in London, England. It currently designs and distributes ready to wear, including trench coats (for which it is most famous), leather accessories, and footwear. Its name and branding are licensed to Coty for fragrances and cosmetics and to Luxottica for eyewear.","Burberry is a British luxury fashion house established in 1856 by Thomas Burberry headquartered in London, England.","6,593","10,861,836"
44,Nescafé,Food + Beverage,P73b,https://en.wikipedia.org/wiki/Nestl%C3%A9,"Nescafé is a brand of coffee made by Nestlé. It comes in many different forms. The name is a portmanteau of the words ""Nestlé"" and ""café"". Nestlé first introduced their flagship coffee brand in Switzerland on 1 April 1938.",Nescafé is a brand of coffee made by Nestlé.,"6,461","3,901,807"
92,Hennessy,Food + Beverage,CsB3,https://en.wikipedia.org/wiki/Hennessy,"Jas Hennessy & Co., commonly known simply as Hennessy, is a French producer of cognac, which has its headquarters in Cognac, France. It is one of the ""big four"" cognac houses,[1] along with Martell, Courvoisier, and Rémy Martin, who together make around 85% of the world's cognac. Hennessy sells approximately 70 million bottles of its cognacs per year, making it the world's largest cognac producer, and in 2017 its sales represented around 60% of the US cognac market. As well as distilling cognac eaux-de-vie itself, the company also acts as a negociant.","Jas Hennessy & Co., commonly known simply as Hennessy, is a French producer of cognac, which has its headquarters in Cognac, France.","6,381","5,911,060"
52,Porsche,Automotive,Zk6,https://en.wikipedia.org/wiki/Porsche,"Dr. Ing. h.c. F. Porsche AG, usually shortened to Porsche, is a German automobile manufacturer specializing in high-performance sports cars, SUVs and sedans, headquartered in Stuttgart, Germany. The company is owned by Volkswagen AG, a controlling stake of which is owned by Porsche Automobil Holding SE.","Dr. Ing. h.c. F. Porsche AG, usually shortened to Porsche, is a German automobile manufacturer specializing in high-performance sports cars, SUVs and sedans, headquartered in Stuttgart, Germany.","6,115","47,749,063"
24,YouTube,Technology,4XMe,https://en.wikipedia.org/wiki/YouTube,"YouTube is a global online video sharing and social media platform headquartered in San Bruno, California. It was launched on February 14, 2005, by Steve Chen, Chad Hurley, and Jawed Karim. It is owned by Google, and is the second most visited website, after Google Search.","YouTube is a global online video sharing and social media platform headquartered in San Bruno, California.","5,969","691,457,280"
27,Ikea,Consumer Goods,VP3,https://en.wikipedia.org/wiki/IKEA,"IKEA is a Swedish-Dutch multinational conglomerate based in the Netherlands that designs and sells ready-to-assemble furniture, kitchen appliances, decoration, home accessories, and various other goods and home services. Started in 1943 by Ingvar Kamprad, IKEA has been the world's largest furniture retailer since 2008. The brand used by the group is derived from an acronym that consists of the founder's initials, and those of Elmtaryd, the family farm where he was born, and the nearby village Agunnaryd (his hometown in Småland, southern Sweden).","IKEA is a Swedish-Dutch multinational conglomerate based in the Netherlands that designs and sells ready-to-assemble furniture, kitchen appliances, decoration, home accessories, and various other goods and home services.","5,833","10,533,133"
33,Allianz,Finance,8Fik1,https://en.wikipedia.org/wiki/Allianz,"Allianz is a German multinational financial services company headquartered in Munich, Germany. Its core businesses are insurance and asset management. The company is one of the world's largest insurers and financial services groups. The company is a component of the Euro Stoxx 50 stock market index.","Allianz is a German multinational financial services company headquartered in Munich, Germany.","5,770","4,805,130"
39,Netflix,Entertainment,fFJ,https://en.wikipedia.org/wiki/Netflix,"Netflix, Inc. is an American subscription video on-demand over-the-top streaming service and production company based in Los Gatos, California. Founded in 1997 by Reed Hastings and Marc Randolph in Scotts Valley, California, it offers a film and television series library through distribution deals as well as its own productions, known as Netflix Originals. As of September 2022, Netflix had 222 million subscribers worldwide, including 73.3 million in the United States and Canada; 73.0 million in Europe, the Middle East and Africa, 39.6 million in Latin America and 34.8 million in the Asia-Pacific region.","Netflix, Inc. is an American subscription video on-demand over-the-top streaming service and production company based in Los Gatos, California.","5,729","549,878,044"
29,Gucci,Fashion,6Bx3,https://en.wikipedia.org/wiki/Gucci,"Gucci is an Italian high-end luxury fashion house based in Florence, Italy. Its product lines include handbags, ready-to-wear, footwear, accessories, and home decoration; and it licenses its name and branding to Coty, Inc. for fragrance and cosmetics under the name Gucci Beauty. Gucci was founded in 1921 by Guccio Gucci (1881‚Äì1953) in Florence, Tuscany.","Gucci is an Italian high-end luxury fashion house based in Florence, Italy.","5,663","20,663,246"
50,Starbucks,Food + Beverage,pvK,https://en.wikipedia.org/wiki/Starbucks,"Starbucks Corporation is an American multinational chain of coffeehouses and roastery reserves headquartered in Seattle, Washington. It is the world's largest coffeehouse chain. As of November 2021, the company had 33,833 stores in 80 countries, 15,444 of which were located in the United States.","Starbucks Corporation is an American multinational chain of coffeehouses and roastery reserves headquartered in Seattle, Washington.","5,602","87,101,237"
8,Disney,Entertainment,cJ9,https://en.wikipedia.org/wiki/The_Walt_Disney_Company,"The Walt Disney Company, commonly known as Disney, is an American multinational mass media and entertainment conglomerate headquartered at the Walt Disney Studios complex in Burbank, California. Disney was originally founded on October 16, 1923, by brothers Walt and Roy O. Disney as the Disney Brothers Studio; it also operated under the names the Walt Disney Studio and Walt Disney Productions before changing its name to the Walt Disney Company in 1986. Early on, the company established itself as a leader in the animation industry, with the creation of the widely popular character Mickey Mouse, who is the company's mascot, and the start of animated films.","The Walt Disney Company, commonly known as Disney, is an American multinational mass media and entertainment conglomerate headquartered at the Walt Disney Studios complex in Burbank, California.","5,282","224,800,186"
66,Nestlé,Food + Beverage,jGF,https://en.wikipedia.org/wiki/Nestl%C3%A9,"Nestlé S.A. is a Swiss multinational food and drink processing conglomerate corporation headquartered in Vevey, Vaud, Switzerland. It is the largest publicly held food company in the world, measured by revenue and other metrics, since 2014. It ranked No. 64 on the Fortune Global 500 in 2017 and No. 33 in the 2016 edition of the Forbes Global 2000 list of largest public companies.","Nestlé S.A. is a Swiss multinational food and drink processing conglomerate corporation headquartered in Vevey, Vaud, Switzerland.","5,264","4,466,295"
59,eBay,Technology,LWx,https://en.wikipedia.org/wiki/Ebay,"eBay Inc. is an American multinational e-commerce company based in San Jose, California, that facilitates consumer-to-consumer and business-to-consumer sales through its website. eBay was founded by Pierre Omidyar in 1995 and became a notable success story of the dot-com bubble. eBay is a multibillion-dollar business with operations in about 32 countries, as of 2019.","eBay Inc. is an American multinational e-commerce company based in San Jose, California, that facilitates consumer-to-consumer and business-to-consumer sales through its website.","5,174","93,903,435"
13,Louis Vuitton,Fashion,gRz3,https://en.wikipedia.org/wiki/Louis_Vuitton,"Louis Vuitton Malletier, commonly known as Louis Vuitton, is a French high-end luxury fashion house and company founded in 1854 by Louis Vuitton. The label's LV monogram appears on most of its products, ranging from luxury bags and leather goods to ready-to-wear, shoes, watches, jewelry, accessories, sunglasses and books. Louis Vuitton is one of the world's leading international fashion houses. It sells its products through standalone boutiques, lease departments in high-end departmental stores, and through the e-commerce section of its website.","Louis Vuitton Malletier, commonly known as Louis Vuitton, is a French high-end luxury fashion house and company founded in 1854 by Louis Vuitton.","4,806","33,719,696"
23,J.P. Morgan,Finance,P5Y,https://en.wikipedia.org/wiki/Chase_Bank,"J.P. Morgan & Co. is a commercial and investment banking institution founded by J. P. Morgan in 1871. Through a series of mergers and acquisitions, the company is now a subsidiary of JPMorgan Chase, one of the largest banking institutions in the world. The company is sometimes referred to as the ""House of Morgan"" or simply ""Morgan"".",J.P. Morgan & Co. is a commercial and investment banking institution founded by J. P. Morgan in 1871.,"4,350","3,030,401"
42,AXA,Finance,tMg5,https://en.wikipedia.org/wiki/Axa,"Axa S.A. is a French multinational insurance company. The head office is in the 8th arrondissement of Paris, France. It also provides investment management and other financial services. The Axa Group operates primarily in Western Europe, North America, the India Pacific region and the Middle East, with a presence also in Africa. Axa is a conglomerate of independently run businesses, operated according to the laws and regulations of many countries. It is a component of the Euro Stoxx 50 stock market index.",Axa S.A. is a French multinational insurance company.,"4,336","581,098"
72,Danone,Food + Beverage,teJ1,https://en.wikipedia.org/wiki/Danone,"Danone S.A. is a French multinational food-products corporation based in Paris. It was founded in Barcelona, Spain. It is listed on Euronext Paris where it is a component of the CAC 40 stock market index. Some of the company's products are branded Dannon in the United States.",Danone S.A. is a French multinational food-products corporation based in Paris.,"4,261","5,702,835"
76,Dior,Fashion,9Fv5,https://en.wikipedia.org/wiki/Dior,"Christian Dior SE, commonly known as Dior (stylized DIOR), is a French luxury fashion house controlled and chaired by French businessman Bernard Arnault, who also heads LVMH, the world's largest luxury group. Dior itself holds 42.36% shares of and 59.01% voting rights within LVMH. The company was founded in 1946 by French fashion designer Christian Dior, who was originally from Normandy.","Christian Dior SE, commonly known as Dior (stylized DIOR), is a French luxury fashion house controlled and chaired by French businessman Bernard Arnault, who also heads LVMH, the world's largest luxury group.","4,163","76,939,332"
32,GE,Technology,kj3,https://en.wikipedia.org/wiki/General_Electric,"General Electric Company (GE) is an American multinational conglomerate founded in 1892, and incorporated in New York state and headquartered in Boston. The company operated in sectors including healthcare, aviation, power, renewable energy, digital industry, additive manufacturing and venture capital and finance, but has since divested from several areas, now primarily consisting of the first four segments.","General Electric Company (GE) is an American multinational conglomerate founded in 1892, and incorporated in New York state and headquartered in Boston.","4,155","284,169"
11,Tesla,Automotive,7ydn,"https://en.wikipedia.org/wiki/Tesla,_Inc.","Tesla, Inc. is an American multinational automotive and clean energy company headquartered in Austin, Texas. Tesla designs and manufactures electric vehicles (electric cars and trucks), battery energy storage from home to grid-scale, solar panels and solar roof tiles, and related products and services. Tesla is one of the world's most valuable companies and remains the world's most valuable automaker with a market capitalization of more than US$550 billion. In 2021, the company had the most worldwide sales of battery electric vehicles and plug-in electric vehicles, capturing 21% of the battery-electric (purely electric) market and 14% of the plug-in market (which includes plug-in hybrids). Through its subsidiary Tesla Energy, the company develops and is a major installer of photovoltaic systems in the United States. Tesla Energy is also one of the largest global suppliers of battery energy storage systems, with 3.99 gigawatt-hours (GWh) installed in 2021.","Tesla, Inc. is an American multinational automotive and clean energy company headquartered in Austin, Texas.","4,147","99,330,350"
19,SAP,Technology,50a1,https://en.wikipedia.org/wiki/SAP,"SAP SE is a German multinational software company based in Walldorf, Baden-Württemberg. It develops enterprise software to manage business operations and customer relations. The company is the world's leading enterprise resource planning (ERP) software vendor. SAP is the largest non-American software company by revenue, the world's third-largest publicly traded software company by revenue, and the second largest German company by market capitalization. Apart from ERP software the company also sells database software and technology (particularly its own brands), cloud engineered systems, and other ERP software products, such as human capital management (HCM) software, customer relationship management (CRM) software (also known as customer experience), enterprise performance management (EPM) software, product lifecycle management (PLM) software, supplier relationship management (SRM) software, supply chain management (SCM) software, business technology platform (BTP) software and programming environment SAP AppGyver for business.","SAP SE is a German multinational software company based in Walldorf, Baden-Württemberg.","3,896","304,337"
10,McDonald's,Food + Beverage,7kpa,https://en.wikipedia.org/wiki/McDonald%27s,"McDonald's Corporation is an American multinational fast food chain, founded in 1940 as a restaurant operated by Richard and Maurice McDonald, in San Bernardino, California, United States. They rechristened their business as a hamburger stand, and later turned the company into a franchise, with the Golden Arches logo being introduced in 1953 at a location in Phoenix, Arizona. In 1955, Ray Kroc, a businessman, joined the company as a franchise agent and proceeded to purchase the chain from the McDonald brothers.","McDonald's Corporation is an American multinational fast food chain, founded in 1940 as a restaurant operated by Richard and Maurice McDonald, in San Bernardino, California, United States.","3,848","17,831,491"
79,Corona,Food + Beverage,Pqe6,https://en.wikipedia.org/wiki/Corona_(beer),Corona is a brand of beer produced by Mexican brewery Cervecería Modelo and owned by Belgian company AB InBev. It is the top-selling brand of imported beer in the United States. It is often served with a wedge of lime or lemon in the neck of the bottle to add tartness and flavor. The recipe for the mash bill includes corn as well as the barley malt and hops traditionally used for making beer.,Corona is a brand of beer produced by Mexican brewery Cervecería Modelo and owned by Belgian company AB InBev.,"3,759","176,748"
48,Goldman Sachs,Finance,adp1,https://en.wikipedia.org/wiki/Goldman_Sachs,"Goldman Sachs is an American multinational investment bank and financial services company. Founded in 1869, Goldman Sachs is headquartered at 200 West Street in Lower Manhattan, with regional headquarters in London, Warsaw, Bangalore, Hong Kong, Tokyo, Dallas and Salt Lake City, and additional offices in other international financial centers. Goldman Sachs is the second largest investment bank in the world by revenue and is ranked 57th on the Fortune 500 list of the largest United States corporations by total revenue.",Goldman Sachs is an American multinational investment bank and financial services company.,"3,539","8,972,351"
65,Morgan Stanley,Finance,Klj,https://en.wikipedia.org/wiki/HSBC,"Morgan Stanley is an American multinational investment management and financial services company headquartered at 1585 Broadway in Midtown Manhattan, New York City. With offices in more than 41 countries and more than 75,000 employees, the firm's clients include corporations, governments, institutions, and individuals. Morgan Stanley ranked No.","Morgan Stanley is an American multinational investment management and financial services company headquartered at 1585 Broadway in Midtown Manhattan, New York City.","3,292","5,111,771"
88,Prada,Fashion,N3V2,https://en.wikipedia.org/wiki/Prada,"Prada S.p.A. is an Italian luxury fashion house founded in 1913 in Milan by Mario Prada. It specializes in leather handbags, travel accessories, shoes, ready-to-wear, and other fashion accessories. Prada licenses its name and branding to Luxottica for eyewear and L’Oréal for fragrances.",Prada S.p.A. is an Italian luxury fashion house founded in 1913 in Milan by Mario Prada.,"2,927","45,808,331"
86,Kia,Automotive,U2R,https://en.wikipedia.org/wiki/Kia,"Kia Corporation, commonly known as Kia; formerly known as Kyungsung Precision Industry and Kia Motors Corporation), is a South Korean multinational automobile manufacturer headquartered in Seoul, South Korea. It is South Korea's second largest automobile manufacturer, after its parent company, Hyundai Motor Company, with sales of over 2.8 million vehicles in 2019. As of 2015, the Kia Corporation is minority owned by Hyundai, which holds a 33.88% stake valued at just over US$6 billion. Kia in turn is a minority owner of more than twenty Hyundai subsidiaries ranging from 4.9% up to 45.37%, totaling more than US$8.3 billion.","Kia Corporation, commonly known as Kia; formerly known as Kyungsung Precision Industry and Kia Motors Corporation), is a South Korean multinational automobile manufacturer headquartered in Seoul, South Korea.","2,884","266,085"
55,H&M,Fashion,7JCA,https://en.wikipedia.org/wiki/H%26M,"H & M Hennes & Mauritz AB or H&M Group (abbreviated H&M) is a multinational clothing company based in Sweden that focuses on fast-fashion clothing for men, women, teenagers, and children. As of 23 June 2022, H&M Group operates in 75 geographical markets with 4,801 stores under the various company brands, with 107,375 full-time equivalent positions.","H & M Hennes & Mauritz AB or H&M Group (abbreviated H&M) is a multinational clothing company based in Sweden that focuses on fast-fashion clothing for men, women, teenagers, and children.","2,811","102,407"
46,Zara,Fashion,zjz4,https://en.wikipedia.org/wiki/Zara_(retailer),"ZARA is a Spanish multi-national retail clothing chain. It specialises in fast fashion, and sells clothing, accessories, shoes, beauty products and perfumes. The head office is in Arteixo, in A Coruña in Galicia. It is the largest constituent company of the Inditex group. In 2020 it was launching over twenty new product lines per year.",ZARA is a Spanish multi-national retail clothing chain.,"2,754","246,193"
51,Pampers,Consumer Goods,9tO4,https://en.wikipedia.org/wiki/Pampers,Pampers is a brand of baby and toddler products marketed by Procter & Gamble.,Pampers is a brand of baby and toddler products marketed by Procter & Gamble.,"2,547","578,263"
34,Hyundai,Automotive,zZa,https://en.wikipedia.org/wiki/Hyundai_Motor_Company,"Hyundai Motor Company, often abbreviated to Hyundai Motors and commonly known as Hyundai, is a South Korean multinational automotive manufacturer headquartered in Seoul, South Korea, and founded in 1967. Currently, the company owns 33.88 percent of Kia Corporation, and also fully owns two marques including its luxury cars subsidiary, Genesis Motor, and an electric vehicle sub-brand, Ioniq. Those three brands altogether comprise the Hyundai Motor Group.","Hyundai Motor Company, often abbreviated to Hyundai Motors and commonly known as Hyundai, is a South Korean multinational automotive manufacturer headquartered in Seoul, South Korea, and founded in 1967.","2,399","2,078,434"
21,Chanel,Fashion,1X43,https://en.wikipedia.org/wiki/Chanel,"Chanel is a French high-end luxury fashion house founded in 1910 by Coco Chanel in Paris. Chanel specializes in women's ready-to-wear, luxury goods, and accessories and licenses its name and branding to Luxottica for eyewear. Chanel is well known for its No. 5 perfume and ""Chanel Suit"". Chanel is credited for revolutionizing haute couture and ready-to-wear by replacing structured, corseted silhouettes with more functional garments that women still found flattering.",Chanel is a French high-end luxury fashion house founded in 1910 by Coco Chanel in Paris.,"2,034","232,733"
73,Cartier,Fashion,cbf7,https://en.wikipedia.org/wiki/Cartier_(jeweler),"Cartier International SNC, or simply Cartier, is a French high-end luxury goods conglomerate that designs, manufactures, distributes, and sells jewellery, leather goods, and watches. Founded by Louis-François Cartier (1819–1904) in Paris in 1847, the company remained under family control until 1964. The company is headquartered in Paris and is a wholly owned subsidiary of the Swiss Richemont Group. Cartier operates more than 200 stores in 125 countries, with three Temples (Historical Maisons) in London, New York, and Paris.","Cartier International SNC, or simply Cartier, is a French high-end luxury goods conglomerate that designs, manufactures, distributes, and sells jewellery, leather goods, and watches.","1,767","815,755"
22,Hermès,Fashion,7Iq8,https://en.wikipedia.org/wiki/Herm%C3%A8s,"Hermès International S.A., or simply Hermès, is a French luxury design house established in 1837. It specializes in leather goods, lifestyle accessories, home furnishings, perfumery, jewelry, watches and ready-to-wear. Its logo, since the 1950s, is of a Duke carriage with horse.","Hermès International S.A., or simply Hermès, is a French luxury design house established in 1837.","1,485","67,580"
75,Santander,Finance,vimn,https://en.wikipedia.org/wiki/Santander_Bank,"Santander Bank, N. A., formerly Sovereign Bank, is a wholly owned subsidiary of the Spanish Santander Group. It is based in Boston and its principal market is the northeastern United States. It has $57.5 billion in deposits, operates about 650 retail banking offices and over 2,000 ATMs, and employs approximately 9,800 people. It offers an array of financial services and products including retail banking, mortgages, corporate banking, cash management, credit card, capital markets, trust and wealth management, and insurance.","Santander Bank, N. A., formerly Sovereign Bank, is a wholly owned subsidiary of the Spanish Santander Group.","1,341","49,407"
31,Pepsi,Food + Beverage,lo6,https://en.wikipedia.org/wiki/Pepsi,"PepsiCo, Inc. is an American multinational food, snack, and beverage corporation headquartered in Harrison, New York, in the hamlet of Purchase. PepsiCo's business encompasses all aspects of the food and beverage market. It oversees the manufacturing, distribution, and marketing of its products. PepsiCo was formed in 1965 with the merger of the Pepsi-Cola Company and Frito-Lay, Inc. PepsiCo has since expanded from its namesake product Pepsi Cola to an immensely diversified range of food and beverage brands. The largest and most recent acquisition was Pioneer Foods in 2020 for US$1.7 billion and prior to it was buying the Quaker Oats Company in 2001, which added the Gatorade brand to the Pepsi portfolio and Tropicana Products in 1998.","PepsiCo, Inc. is an American multinational food, snack, and beverage corporation headquartered in Harrison, New York, in the hamlet of Purchase.",643,"363,659"
87,Tiffany & Co.,Fashion,K7j,https://en.wikipedia.org/wiki/Tiffany_%26_Co.,"Tiffany & Co. (colloquially known as Tiffany's) is a high-end luxury jewelry and specialty retailer, headquartered on Fifth Avenue in Manhattan. It sells jewelry, sterling silver, porcelain, crystal, stationery, fragrances, water bottles, watches, personal accessories, and leather goods. Tiffany is known for its luxury goods, particularly its diamond and sterling silver jewelry.","Tiffany & Co. (colloquially known as Tiffany's) is a high-end luxury jewelry and specialty retailer, headquartered on Fifth Avenue in Manhattan.",638,"98,451"
71,Colgate,Consumer Goods,c4YG,https://en.wikipedia.org/wiki/Colgate_(toothpaste),"Colgate is an American brand principally used for oral hygiene products such as toothpastes, toothbrushes, mouthwashes and dental floss. Manufactured by Colgate-Palmolive, Colgate's oral hygiene products were first sold by the company in 1873, sixteen years after the death of the founder, William Colgate. The company originally sold soap.","Colgate is an American brand principally used for oral hygiene products such as toothpastes, toothbrushes, mouthwashes and dental floss.",122,"29,470"
64,HSBC,Finance,C6be,https://en.wikipedia.org/wiki/HSBC,"HSBC Holdings plc is a British multinational universal bank and financial services holding company. It is the largest bank in Europe by total assets ahead of BNP Paribas, with US$2.953 trillion as of December 2021. In 2021, HSBC had $10.8 trillion in assets under custody (AUC) and $4.9 trillion in assets under administration (AUA), respectively. HSBC traces its origin to a hong in British Hong Kong, and its present form was established in London by the Hongkong and Shanghai Banking Corporation to act as a new group holding company in 1991; its name derives from that company's initials. The Hongkong and Shanghai Banking Corporation opened branches in Shanghai in 1865 and was first formally incorporated in 1866.",HSBC Holdings plc is a British multinational universal bank and financial services holding company.,104,"13,701"
